id,name
50a2d1c4-d788-4498-a6f7-dd75d4db588f,Stephanie Love
438005c2-dd1d-48aa-8bfd-7fb06851b5f8,Kristi Keller
5261268c-aa94-438a-921a-05efc0d414ac,Allison Oliver
f8486fce-bc07-4a4f-a6e9-ed6a06ba996c,Nancy Austin
341ed9b2-1760-4720-a1b1-42681d273c63,Christy Rios
2660b7ac-6c46-4392-8ddc-26194c532341,Michael Mendoza
7e52ce3f-191d-4d27-a0a8-76706fd6173c,Beverly Peters
0000bd8e-496c-42aa-9430-fea7f9bd6a96,Connie Harrison
3b47f466-5256-41a1-951c-efee13597676,Carly Harris
2480125c-2d37-405c-96b9-ca32b2c75b33,Russell Mitchell
50a2d1c4-d788-4498-a6f7-dd75d4db588f,Stephanie Love DUPLICATE
438005c2-dd1d-48aa-8bfd-7fb06851b5f8,
5261268c-aa94-438a-921a-05efc0d414ac,
